{"cameraMode":{"drawMode":0,"name":"Shaded","section":"Shading Mode"},"sceneLighting":true,"audioPlay":false,"sceneViewState":{"m_AlwaysRefresh":false,"showFog":true,"showSkybox":true,"showFlares":true,"showImageEffects":true,"showParticleSystems":true,"showVisualEffectGraphs":true,"m_FxEnabled":true},"in2DMode":false,"pivot":{"x":1.7272093296051026,"y":5.333067893981934,"z":-6.712955474853516},"rotation":{"x":0.11016248911619187,"y":-0.2750050723552704,"z":0.031745173037052158,"w":0.9545596837997437},"size":14.458518981933594,"orthographic":true}